metric,value
hotspot_px,10678
flank_zone_px,2587
overlap_px,0
pct_hotspot_in_flank,0.0
pct_flank_is_hotspot,0.0
hotspot_mean_elev_m,2870.2
flank_elev_band_m,3400-4500

elev_band_lo,elev_band_hi,flank_n,flank_medianT_C,rest_n,rest_medianT_C,anomaly_C
3400,3600,364,-5.537017822265625,12818,-29.932281494140625,24.395263671875
3600,3800,399,-5.686553955078125,8686,-28.97095489501953,23.284400939941406
3800,4000,383,-6.553009033203125,4634,-31.305465698242188,24.752456665039062
4000,4200,373,-6.946075439453125,2243,-32.32659912109375,25.380523681640625
4200,4400,357,-6.939239501953125,1396,-32.84442138671875,25.905181884765625
4400,4600,122,-6.305206298828125,846,-32.38214111328125,26.076934814453125
